{
    "version": 8,
    "name": "North Star-copy",
    "metadata": {
        "mapbox:autocomposite": true,
        "mapbox:type": "default",
        "mapbox:groups": {
            "1444855786460.0557": {"name": "Roads", "collapsed": true},
            "1444934295202.7542": {
                "name": "Admin boundaries",
                "collapsed": true
            },
            "e69b524633336411ebd7952df8212527": {
                "name": "Water & Bathymetry",
                "collapsed": true
            },
            "1444856151690.9143": {"name": "State labels", "collapsed": true},
            "1444933721429.3076": {"name": "Road labels", "collapsed": true},
            "1444933808272.805": {"name": "Water labels", "collapsed": true},
            "1444855815295.714": {"name": "Hillshading", "collapsed": true},
            "1444855799204.86": {"name": "Bridges", "collapsed": true},
            "1444856087950.3635": {"name": "Marine labels", "collapsed": true},
            "1444862510685.128": {"name": "City labels", "collapsed": true},
            "e304d9af3bac9b0b85f824d06dc6c50a": {
                "name": "Buildings",
                "collapsed": true
            },
            "80666ebec106bd6348fe0a01b296c9af": {
                "name": "Landuse",
                "collapsed": true
            },
            "1444855769305.6016": {"name": "Tunnels", "collapsed": true},
            "1444856144497.7825": {"name": "Country labels", "collapsed": true},
            "b848ea126415b73a494934e0a2cbf0b4": {
                "name": "Port labels",
                "collapsed": true
            },
            "1444933837268.9458": {"name": "Contour lines", "collapsed": true},
            "18cb701eae1a132d4f78af6dc13a1b3d": {
                "name": "Train Stations",
                "collapsed": true
            },
            "b21235e80355bdff2e2fb53854aa461e": {
                "name": "Graticules",
                "collapsed": true
            }
        },
        "mapbox:trackposition": false,
        "mapbox:sdk-support": {
            "js": "0.49.0",
            "android": "6.5.0",
            "ios": "4.4.0"
        }
    },
    "center": [11, 42],
    "zoom": 3,
    "bearing": 0,
    "pitch": 0,
    "sources": {
        "composite": {
            "url": "mapbox://mapbox.mapbox-streets-v7,mapbox.92olaqdt,mapbox.9tm8dx88,mapbox.4suez6c9,mapbox.b1l3wqbs,mapbox.akwnx50w,mapbox.8x70v9py,mapbox.mapbox-terrain-v2",
            "type": "vector"
        }
    },
    "sprite": "mapbox://sprites/dmitrymin/cjrah0c250eez2tmqqq6vc5ae",
    "glyphs": "mapbox://fonts/dmitrymin/{fontstack}/{range}.pbf",
    "layers": [
        {
            "id": "background",
            "type": "background",
            "layout": {},
            "paint": {"background-color": "hsl(33, 28%, 93%)"}
        },
        {
            "id": "parks-green-space",
            "type": "fill",
            "metadata": {"mapbox:group": "80666ebec106bd6348fe0a01b296c9af"},
            "source": "composite",
            "source-layer": "landuse",
            "filter": [
                "all",
                ["!in", "type", "garden", "golf_course", "playground", "zoo"],
                ["in", "class", "cemetery", "park"]
            ],
            "layout": {"visibility": "visible"},
            "paint": {
                "fill-color": "hsl(100, 28%, 93%)",
                "fill-opacity": {"base": 1, "stops": [[14, 0], [15, 0.5]]},
                "fill-outline-color": "hsl(100, 57%, 77%)",
                "fill-pattern": {
                    "base": 1,
                    "stops": [
                        [15, "hatch_36px-circle2-0.5pt"],
                        [17, "hatch_36px-circle-0.5pt"]
                    ]
                },
                "fill-antialias": false
            }
        },
        {
            "id": "parks-green-space-line",
            "type": "line",
            "metadata": {"mapbox:group": "80666ebec106bd6348fe0a01b296c9af"},
            "source": "composite",
            "source-layer": "landuse",
            "filter": [
                "all",
                ["==", "$type", "Polygon"],
                [
                    "all",
                    [
                        "!in",
                        "type",
                        "garden",
                        "golf_course",
                        "playground",
                        "zoo"
                    ],
                    ["in", "class", "cemetery", "park"]
                ]
            ],
            "layout": {},
            "paint": {
                "line-color": "hsl(0, 0%, 80%)",
                "line-width": 0.5,
                "line-opacity": {"base": 1, "stops": [[14, 0], [15, 1]]}
            }
        },
        {
            "id": "urban-areas",
            "type": "fill",
            "metadata": {"mapbox:group": "80666ebec106bd6348fe0a01b296c9af"},
            "source": "composite",
            "source-layer": "ne_10m_urban_areas-137xq2",
            "minzoom": 2,
            "maxzoom": 10,
            "filter": ["==", "$type", "Polygon"],
            "layout": {"visibility": "visible"},
            "paint": {
                "fill-color": "hsl(40, 31%, 86%)",
                "fill-opacity": {
                    "base": 1,
                    "stops": [[3.5, 0], [4, 1], [7, 1], [10, 0]]
                }
            }
        },
        {
            "id": "contour-line",
            "type": "line",
            "metadata": {"mapbox:group": "1444933837268.9458"},
            "source": "composite",
            "source-layer": "contour",
            "minzoom": 11,
            "filter": ["!in", "index", 10, 5],
            "layout": {},
            "paint": {
                "line-opacity": {"base": 1, "stops": [[11, 0.15], [12, 0.3]]},
                "line-color": "hsl(100, 33%, 22%)",
                "line-width": {"base": 1, "stops": [[13, 0.5], [16, 0.8]]},
                "line-offset": {"base": 1, "stops": [[13, 1], [16, 1.6]]}
            }
        },
        {
            "id": "contour-line-index",
            "type": "line",
            "metadata": {"mapbox:group": "1444933837268.9458"},
            "source": "composite",
            "source-layer": "contour",
            "minzoom": 11,
            "filter": ["in", "index", 10, 5],
            "layout": {},
            "paint": {
                "line-opacity": {"base": 1, "stops": [[11, 0.25], [12, 0.5]]},
                "line-color": "hsl(100, 33%, 22%)",
                "line-width": {"base": 1, "stops": [[13, 0.6], [16, 1.2]]},
                "line-offset": {"base": 1, "stops": [[13, 0.6], [16, 1.2]]}
            }
        },
        {
            "id": "hillshade_highlight_bright",
            "type": "fill",
            "metadata": {"mapbox:group": "1444855815295.714"},
            "source": "composite",
            "source-layer": "hillshade",
            "maxzoom": 18,
            "filter": ["==", "level", 94],
            "layout": {},
            "paint": {
                "fill-color": "hsl(0, 0%, 100%)",
                "fill-opacity": {"stops": [[15, 0.15], [18, 0]]},
                "fill-antialias": false
            }
        },
        {
            "id": "hillshade_highlight_med",
            "type": "fill",
            "metadata": {"mapbox:group": "1444855815295.714"},
            "source": "composite",
            "source-layer": "hillshade",
            "filter": ["==", "level", 90],
            "layout": {},
            "paint": {
                "fill-color": "hsl(0, 0%, 100%)",
                "fill-opacity": {"stops": [[15, 0.15], [18, 0]]},
                "fill-antialias": false
            }
        },
        {
            "id": "hillshade_shadow_faint",
            "type": "fill",
            "metadata": {"mapbox:group": "1444855815295.714"},
            "source": "composite",
            "source-layer": "hillshade",
            "maxzoom": 17,
            "filter": ["==", "level", 89],
            "layout": {},
            "paint": {
                "fill-color": "hsl(56, 59%, 22%)",
                "fill-opacity": {"stops": [[15, 0.07], [17, 0]]},
                "fill-antialias": false
            }
        },
        {
            "id": "hillshade_shadow_med",
            "type": "fill",
            "metadata": {"mapbox:group": "1444855815295.714"},
            "source": "composite",
            "source-layer": "hillshade",
            "filter": ["==", "level", 78],
            "layout": {},
            "paint": {
                "fill-color": "hsl(56, 59%, 22%)",
                "fill-opacity": {"stops": [[15, 0.07], [17, 0]]},
                "fill-antialias": false
            }
        },
        {
            "id": "hillshade_shadow_dark",
            "type": "fill",
            "metadata": {"mapbox:group": "1444855815295.714"},
            "source": "composite",
            "source-layer": "hillshade",
            "filter": ["==", "level", 67],
            "layout": {},
            "paint": {
                "fill-color": "hsl(56, 59%, 22%)",
                "fill-opacity": {"stops": [[15, 0.08], [17, 0]]},
                "fill-antialias": false
            }
        },
        {
            "id": "hillshade_shadow_extreme",
            "type": "fill",
            "metadata": {"mapbox:group": "1444855815295.714"},
            "source": "composite",
            "source-layer": "hillshade",
            "maxzoom": 17,
            "filter": ["==", "level", 56],
            "layout": {},
            "paint": {
                "fill-color": "hsl(56, 59%, 22%)",
                "fill-opacity": {"stops": [[15, 0.08], [17, 0]]},
                "fill-antialias": false
            }
        },
        {
            "id": "waterway-river-canal",
            "type": "line",
            "metadata": {"mapbox:group": "e69b524633336411ebd7952df8212527"},
            "source": "composite",
            "source-layer": "waterway",
            "minzoom": 8,
            "filter": ["in", "class", "canal", "river"],
            "layout": {
                "line-cap": {"base": 1, "stops": [[0, "butt"], [11, "round"]]},
                "line-join": "round"
            },
            "paint": {
                "line-color": "hsl(200, 49%, 68%)",
                "line-width": {"base": 1.3, "stops": [[8.5, 0.4], [20, 8]]},
                "line-opacity": {"base": 1, "stops": [[8, 0], [8.5, 1]]}
            }
        },
        {
            "id": "waterway-small",
            "type": "line",
            "metadata": {"mapbox:group": "e69b524633336411ebd7952df8212527"},
            "source": "composite",
            "source-layer": "waterway",
            "minzoom": 13,
            "filter": ["!in", "class", "canal", "river"],
            "layout": {"line-join": "round", "line-cap": "round"},
            "paint": {
                "line-color": "hsl(200, 49%, 68%)",
                "line-width": {"base": 1.35, "stops": [[13.5, 0.4], [20, 3]]},
                "line-opacity": {"base": 1, "stops": [[13, 0], [13.5, 1]]}
            }
        },
        {
            "id": "water",
            "type": "fill",
            "metadata": {"mapbox:group": "e69b524633336411ebd7952df8212527"},
            "source": "composite",
            "source-layer": "water",
            "layout": {},
            "paint": {
                "fill-color": {
                    "base": 1,
                    "stops": [
                        [12, "hsl(200, 42%, 97%)"],
                        [15, "hsl(200, 71%, 93%)"]
                    ]
                }
            }
        },
        {
            "id": "bathymetry",
            "type": "fill",
            "metadata": {"mapbox:group": "e69b524633336411ebd7952df8212527"},
            "source": "composite",
            "source-layer": "10m-bathymetry-81bsvj",
            "minzoom": 3,
            "filter": ["all", ["!=", "DEPTH", 0], ["==", "$type", "Polygon"]],
            "layout": {"visibility": "visible"},
            "paint": {
                "fill-color": {
                    "base": 1,
                    "type": "categorical",
                    "property": "DEPTH",
                    "stops": [
                        [200, "hsl(200, 28%, 93%)"],
                        [1000, "hsl(200, 32%, 90%)"],
                        [2000, "hsl(200, 29%, 85%)"],
                        [3000, "hsl(200, 29%, 80%)"],
                        [4000, "hsl(200, 28%, 76%)"],
                        [5000, "hsl(200, 28%, 72%)"],
                        [6000, "hsl(200, 27%, 69%)"],
                        [7000, "hsl(200, 26%, 65%)"],
                        [8000, "hsl(200, 26%, 61%)"],
                        [9000, "hsl(200, 25%, 57%)"]
                    ]
                },
                "fill-antialias": false,
                "fill-opacity": {"base": 1, "stops": [[3, 0], [4, 1]]}
            }
        },
        {
            "id": "bathymetry-10000",
            "type": "fill",
            "metadata": {"mapbox:group": "e69b524633336411ebd7952df8212527"},
            "source": "composite",
            "source-layer": "ne_10m_bathymetry_A_10000-c8z215",
            "filter": ["==", "$type", "Polygon"],
            "layout": {"visibility": "visible"},
            "paint": {"fill-color": "hsl(200, 25%, 54%)"}
        },
        {
            "id": "water-line",
            "type": "line",
            "metadata": {"mapbox:group": "e69b524633336411ebd7952df8212527"},
            "source": "composite",
            "source-layer": "water",
            "filter": ["==", "$type", "Polygon"],
            "layout": {"visibility": "visible"},
            "paint": {
                "line-color": "hsl(200, 13%, 54%)",
                "line-width": {
                    "base": 1,
                    "stops": [[6, 1], [10, 0.5], [14, 0.5], [18, 1.5]]
                }
            }
        },
        {
            "id": "coral-reefs",
            "type": "line",
            "metadata": {"mapbox:group": "e69b524633336411ebd7952df8212527"},
            "source": "composite",
            "source-layer": "ne_10m_reefs-4xx9rm",
            "minzoom": 4,
            "filter": ["in", "$type", "LineString", "Polygon"],
            "layout": {
                "visibility": "visible",
                "line-cap": "round",
                "line-join": "round"
            },
            "paint": {
                "line-color": "hsl(200, 32%, 80%)",
                "line-width": {"base": 1, "stops": [[0, 0.5], [22, 4]]},
                "line-dasharray": {
                    "base": 1,
                    "stops": [[6, [0.5, 2]], [8, [1, 2]]]
                },
                "line-opacity": {"base": 1, "stops": [[4, 0], [5, 1]]}
            }
        },
        {
            "id": "tunnel-track-case",
            "type": "line",
            "metadata": {"mapbox:group": "1444855769305.6016"},
            "source": "composite",
            "source-layer": "road",
            "filter": [
                "all",
                ["==", "$type", "LineString"],
                ["all", ["==", "class", "track"], ["==", "structure", "tunnel"]]
            ],
            "layout": {
                "line-cap": "round",
                "line-join": "round",
                "visibility": "visible"
            },
            "paint": {
                "line-width": {"base": 1.5, "stops": [[12, 0.75], [20, 2]]},
                "line-color": "hsl(0, 0%, 100%)",
                "line-gap-width": {"base": 1.5, "stops": [[15, 1], [18, 12]]},
                "line-dasharray": [3, 3]
            }
        },
        {
            "id": "tunnel-service-link-case",
            "type": "line",
            "metadata": {"mapbox:group": "1444855769305.6016"},
            "source": "composite",
            "source-layer": "road",
            "minzoom": 14,
            "filter": [
                "all",
                ["==", "$type", "LineString"],
                [
                    "all",
                    ["!=", "type", "trunk_link"],
                    ["==", "structure", "tunnel"],
                    ["in", "class", "link", "service"]
                ]
            ],
            "layout": {
                "line-cap": "round",
                "line-join": "round",
                "visibility": "visible"
            },
            "paint": {
                "line-width": {"base": 1.5, "stops": [[12, 0.75], [20, 2]]},
                "line-color": "hsl(0, 0%, 100%)",
                "line-gap-width": {"base": 1.5, "stops": [[14, 0.5], [18, 12]]},
                "line-dasharray": [3, 3],
                "line-opacity": {"base": 1, "stops": [[14, 0], [15, 1]]}
            }
        },
        {
            "id": "tunnel-street_limited-case",
            "type": "line",
            "metadata": {"mapbox:group": "1444855769305.6016"},
            "source": "composite",
            "source-layer": "road",
            "minzoom": 11,
            "filter": [
                "all",
                ["==", "$type", "LineString"],
                [
                    "all",
                    ["==", "class", "street_limited"],
                    ["==", "structure", "tunnel"]
                ]
            ],
            "layout": {
                "line-cap": "round",
                "line-join": "round",
                "visibility": "visible"
            },
            "paint": {
                "line-width": {"base": 1.5, "stops": [[12, 0.75], [20, 2]]},
                "line-color": "hsl(0, 0%, 100%)",
                "line-gap-width": {
                    "base": 1.5,
                    "stops": [[13, 0], [14, 2], [18, 18]]
                },
                "line-dasharray": [3, 3],
                "line-opacity": {"base": 1, "stops": [[13.99, 0], [14, 1]]}
            }
        },
        {
            "id": "tunnel-street-case",
            "type": "line",
            "metadata": {"mapbox:group": "1444855769305.6016"},
            "source": "composite",
            "source-layer": "road",
            "minzoom": 11,
            "filter": [
                "all",
                ["==", "$type", "LineString"],
                [
                    "all",
                    ["==", "class", "street"],
                    ["==", "structure", "tunnel"]
                ]
            ],
            "layout": {
                "line-cap": "round",
                "line-join": "round",
                "visibility": "visible"
            },
            "paint": {
                "line-width": {"base": 1.5, "stops": [[12, 0.75], [20, 2]]},
                "line-color": "hsl(0, 0%, 100%)",
                "line-gap-width": {
                    "base": 1.5,
                    "stops": [[13, 0], [14, 2], [18, 18]]
                },
                "line-dasharray": [3, 3],
                "line-opacity": {"base": 1, "stops": [[14.5, 0], [15, 1]]}
            }
        },
        {
            "id": "tunnel-secondary-tertiary-case",
            "type": "line",
            "metadata": {"mapbox:group": "1444855769305.6016"},
            "source": "composite",
            "source-layer": "road",
            "filter": [
                "all",
                ["==", "$type", "LineString"],
                [
                    "all",
                    ["==", "structure", "tunnel"],
                    ["in", "class", "secondary", "tertiary"]
                ]
            ],
            "layout": {
                "line-cap": "round",
                "line-join": "round",
                "visibility": "visible"
            },
            "paint": {
                "line-width": {"base": 1.2, "stops": [[10, 0.75], [18, 2]]},
                "line-dasharray": [3, 3],
                "line-gap-width": {
                    "base": 1.5,
                    "stops": [[8.5, 0.5], [10, 0.75], [18, 26]]
                },
                "line-color": "hsl(0, 0%, 100%)"
            }
        },
        {
            "id": "tunnel-primary-case",
            "type": "line",
            "metadata": {"mapbox:group": "1444855769305.6016"},
            "source": "composite",
            "source-layer": "road",
            "filter": [
                "all",
                ["==", "$type", "LineString"],
                [
                    "all",
                    ["==", "class", "primary"],
                    ["==", "structure", "tunnel"]
                ]
            ],
            "layout": {
                "line-cap": "round",
                "line-join": "round",
                "visibility": "visible"
            },
            "paint": {
                "line-width": {"base": 1.5, "stops": [[5, 0.75], [16, 2]]},
                "line-dasharray": [3, 3],
                "line-gap-width": {"base": 1.5, "stops": [[5, 0.75], [18, 32]]},
                "line-color": "hsl(0, 0%, 100%)"
            }
        },
        {
            "id": "tunnel-trunk_link-case",
            "type": "line",
            "metadata": {"mapbox:group": "1444855769305.6016"},
            "source": "composite",
            "source-layer": "road",
            "minzoom": 13,
            "filter": [
                "all",
                ["==", "$type", "LineString"],
                [
                    "all",
                    ["==", "structure", "tunnel"],
                    ["==", "type", "trunk_link"]
                ]
            ],
            "layout": {
                "line-cap": "round",
                "line-join": "round",
                "visibility": "visible"
            },
            "paint": {
                "line-width": {"base": 1.5, "stops": [[12, 0.75], [20, 2]]},
                "line-color": "hsl(0, 0%, 100%)",
                "line-gap-width": {
                    "base": 1.5,
                    "stops": [[12, 0.5], [14, 2], [18, 18]]
                },
                "line-dasharray": [3, 3]
            }
        },
        {
            "id": "tunnel-motorway_link-case",
            "type": "line",
            "metadata": {"mapbox:group": "1444855769305.6016"},
            "source": "composite",
            "source-layer": "road",
            "minzoom": 13,
            "filter": [
                "all",
                ["==", "$type", "LineString"],
                [
                    "all",
                    ["==", "class", "motorway_link"],
                    ["==", "structure", "tunnel"]
                ]
            ],
            "layout": {
                "line-cap": "round",
                "line-join": "round",
                "visibility": "visible"
            },
            "paint": {
                "line-width": {"base": 1.5, "stops": [[12, 0.75], [20, 2]]},
                "line-color": "hsl(0, 0%, 100%)",
                "line-gap-width": {
                    "base": 1.5,
                    "stops": [[12, 0.5], [14, 2], [18, 18]]
                },
                "line-dasharray": [3, 3]
            }
        },
        {
            "id": "tunnel-trunk-case",
            "type": "line",
            "metadata": {"mapbox:group": "1444855769305.6016"},
            "source": "composite",
            "source-layer": "road",
            "filter": [
                "all",
                ["==", "$type", "LineString"],
                ["all", ["==", "structure", "tunnel"], ["==", "type", "trunk"]]
            ],
            "layout": {
                "line-cap": "round",
                "line-join": "round",
                "visibility": "visible"
            },
            "paint": {
                "line-width": {"base": 1.5, "stops": [[5, 0.75], [16, 2]]},
                "line-color": "hsl(0, 0%, 100%)",
                "line-gap-width": {"base": 1.5, "stops": [[5, 0.75], [18, 32]]},
                "line-opacity": 1,
                "line-dasharray": [3, 3]
            }
        },
        {
            "id": "tunnel-motorway-case",
            "type": "line",
            "metadata": {"mapbox:group": "1444855769305.6016"},
            "source": "composite",
            "source-layer": "road",
            "filter": [
                "all",
                ["==", "$type", "LineString"],
                [
                    "all",
                    ["==", "class", "motorway"],
                    ["==", "structure", "tunnel"]
                ]
            ],
            "layout": {
                "line-cap": "round",
                "line-join": "round",
                "visibility": "visible"
            },
            "paint": {
                "line-width": {"base": 1.5, "stops": [[5, 0.75], [16, 2]]},
                "line-color": "hsl(0, 0%, 100%)",
                "line-gap-width": {"base": 1.5, "stops": [[5, 0.75], [18, 32]]},
                "line-opacity": 1,
                "line-dasharray": [3, 3]
            }
        },
        {
            "id": "tunnel-construction",
            "type": "line",
            "metadata": {"mapbox:group": "1444855769305.6016"},
            "source": "composite",
            "source-layer": "road",
            "minzoom": 14,
            "filter": [
                "all",
                ["==", "$type", "LineString"],
                [
                    "all",
                    ["==", "class", "construction"],
                    ["==", "structure", "tunnel"]
                ]
            ],
            "layout": {"line-join": "miter", "visibility": "visible"},
            "paint": {
                "line-width": {
                    "base": 1.5,
                    "stops": [[12.5, 0.5], [14, 2], [18, 18]]
                },
                "line-color": "hsl(33, 49%, 96%)",
                "line-opacity": {"base": 1, "stops": [[13.99, 0], [14, 1]]},
                "line-dasharray": {
                    "base": 1,
                    "stops": [
                        [14, [0.4, 0.8]],
                        [15, [0.3, 0.6]],
                        [16, [0.2, 0.3]],
                        [17, [0.2, 0.25]],
                        [18, [0.15, 0.15]]
                    ]
                }
            }
        },
        {
            "id": "tunnel-path",
            "type": "line",
            "metadata": {"mapbox:group": "1444855769305.6016"},
            "source": "composite",
            "source-layer": "road",
            "filter": [
                "all",
                ["==", "$type", "LineString"],
                [
                    "all",
                    ["!in", "type", "cycleway", "piste", "steps"],
                    ["==", "class", "path"],
                    ["==", "structure", "tunnel"]
                ]
            ],
            "layout": {"line-join": "round", "visibility": "visible"},
            "paint": {
                "line-width": {"base": 1.5, "stops": [[15, 1], [18, 4]]},
                "line-dasharray": {
                    "base": 1,
                    "stops": [
                        [14, [4, 0.4]],
                        [15, [3, 0.4]],
                        [16, [3, 0.35]],
                        [17, [3, 0.35]]
                    ]
                },
                "line-color": "hsl(33, 49%, 96%)",
                "line-opacity": {"base": 1, "stops": [[13, 0], [13.25, 1]]}
            }
        },
        {
            "id": "tunnel-trunk_link",
            "type": "line",
            "metadata": {"mapbox:group": "1444855769305.6016"},
            "source": "composite",
            "source-layer": "road",
            "minzoom": 13,
            "filter": [
                "all",
                ["==", "$type", "LineString"],
                [
                    "all",
                    ["==", "structure", "tunnel"],
                    ["==", "type", "trunk_link"]
                ]
            ],
            "layout": {
                "line-cap": "round",
                "line-join": "round",
                "visibility": "visible"
            },
            "paint": {
                "line-width": {"base": 1.5, "stops": [[5, 0.75], [18, 32]]},
                "line-color": "hsl(33, 49%, 96%)",
                "line-opacity": 1,
                "line-dasharray": [1, 0]
            }
        },
        {
            "id": "tunnel-motorway_link",
            "type": "line",
            "metadata": {"mapbox:group": "1444855769305.6016"},
            "source": "composite",
            "source-layer": "road",
            "minzoom": 13,
            "filter": [
                "all",
                ["==", "$type", "LineString"],
                [
                    "all",
                    ["==", "class", "motorway_link"],
                    ["==", "structure", "tunnel"]
                ]
            ],
            "layout": {
                "line-cap": "round",
                "line-join": "round",
                "visibility": "visible"
            },
            "paint": {
                "line-width": {
                    "base": 1.5,
                    "stops": [[12, 0.5], [14, 2], [18, 18]]
                },
                "line-color": "hsl(33, 49%, 96%)",
                "line-opacity": 1,
                "line-dasharray": [1, 0]
            }
        },
        {
            "id": "tunnel-track",
            "type": "line",
            "metadata": {"mapbox:group": "1444855769305.6016"},
            "source": "composite",
            "source-layer": "road",
            "filter": [
                "all",
                ["==", "$type", "LineString"],
                ["all", ["==", "class", "track"], ["==", "structure", "tunnel"]]
            ],
            "layout": {
                "line-cap": "round",
                "line-join": "round",
                "visibility": "visible"
            },
            "paint": {
                "line-width": {"base": 1.5, "stops": [[15, 1], [18, 12]]},
                "line-color": "hsl(33, 49%, 96%)"
            }
        },
        {
            "id": "tunnel-service-link",
            "type": "line",
            "metadata": {"mapbox:group": "1444855769305.6016"},
            "source": "composite",
            "source-layer": "road",
            "minzoom": 14,
            "filter": [
                "all",
                ["==", "$type", "LineString"],
                [
                    "all",
                    ["!=", "type", "trunk_link"],
                    ["==", "structure", "tunnel"],
                    ["in", "class", "link", "service"]
                ]
            ],
            "layout": {
                "line-cap": "round",
                "line-join": "round",
                "visibility": "visible"
            },
            "paint": {
                "line-width": {"base": 1.5, "stops": [[14, 0.5], [18, 12]]},
                "line-color": "hsl(33, 49%, 96%)",
                "line-dasharray": [1, 0],
                "line-opacity": {"base": 1, "stops": [[14, 0], [15, 1]]}
            }
        },
        {
            "id": "tunnel-street_limited",
            "type": "line",
            "metadata": {"mapbox:group": "1444855769305.6016"},
            "source": "composite",
            "source-layer": "road",
            "minzoom": 11,
            "filter": [
                "all",
                ["==", "$type", "LineString"],
                [
                    "all",
                    ["==", "class", "street_limited"],
                    ["==", "structure", "tunnel"]
                ]
            ],
            "layout": {
                "line-cap": "round",
                "line-join": "round",
                "visibility": "visible"
            },
            "paint": {
                "line-width": {
                    "base": 1.5,
                    "stops": [[12.5, 0.5], [14, 2], [18, 18]]
                },
                "line-color": "hsl(33, 49%, 96%)",
                "line-opacity": {"base": 1, "stops": [[13.5, 0], [14, 1]]}
            }
        },
        {
            "id": "tunnel-street",
            "type": "line",
            "metadata": {"mapbox:group": "1444855769305.6016"},
            "source": "composite",
            "source-layer": "road",
            "minzoom": 11,
            "filter": [
                "all",
                ["==", "$type", "LineString"],
                [
                    "all",
                    ["==", "class", "street"],
                    ["==", "structure", "tunnel"]
                ]
            ],
            "layout": {
                "line-cap": "round",
                "line-join": "round",
                "visibility": "visible"
            },
            "paint": {
                "line-width": {
                    "base": 1.5,
                    "stops": [[12.5, 0.5], [14, 2], [18, 18]]
                },
                "line-color": "hsl(33, 49%, 96%)",
                "line-opacity": {"base": 1, "stops": [[14.5, 0], [15, 1]]}
            }
        },
        {
            "id": "tunnel-secondary-tertiary",
            "type": "line",
            "metadata": {"mapbox:group": "1444855769305.6016"},
            "source": "composite",
            "source-layer": "road",
            "filter": [
                "all",
                ["==", "$type", "LineString"],
                [
                    "all",
                    ["==", "structure", "tunnel"],
                    ["in", "class", "secondary", "tertiary"]
                ]
            ],
            "layout": {
                "line-cap": "round",
                "line-join": "round",
                "visibility": "visible"
            },
            "paint": {
                "line-width": {
                    "base": 1.5,
                    "stops": [[8.5, 0.5], [10, 0.75], [18, 26]]
                },
                "line-color": "hsl(33, 49%, 96%)",
                "line-opacity": 1,
                "line-dasharray": [1, 0],
                "line-blur": 0
            }
        },
        {
            "id": "tunnel-primary",
            "type": "line",
            "metadata": {"mapbox:group": "1444855769305.6016"},
            "source": "composite",
            "source-layer": "road",
            "filter": [
                "all",
                ["==", "$type", "LineString"],
                [
                    "all",
                    ["==", "class", "primary"],
                    ["==", "structure", "tunnel"]
                ]
            ],
            "layout": {
                "line-cap": "round",
                "line-join": "round",
                "visibility": "visible"
            },
            "paint": {
                "line-width": {"base": 1.5, "stops": [[5, 0.75], [18, 32]]},
                "line-color": "hsl(33, 49%, 96%)",
                "line-opacity": 1,
                "line-dasharray": [1, 0],
                "line-blur": 0
            }
        },
        {
            "id": "tunnel-trunk",
            "type": "line",
            "metadata": {"mapbox:group": "1444855769305.6016"},
            "source": "composite",
            "source-layer": "road",
            "filter": [
                "all",
                ["==", "$type", "LineString"],
                ["all", ["==", "class", "trunk"], ["==", "structure", "tunnel"]]
            ],
            "layout": {
                "line-cap": "round",
                "line-join": "round",
                "visibility": "visible"
            },
            "paint": {
                "line-width": {"base": 1.5, "stops": [[5, 0.75], [18, 32]]},
                "line-color": "hsl(33, 49%, 96%)",
                "line-opacity": 1
            }
        },
        {
            "id": "tunnel-motorway",
            "type": "line",
            "metadata": {"mapbox:group": "1444855769305.6016"},
            "source": "composite",
            "source-layer": "road",
            "filter": [
                "all",
                ["==", "$type", "LineString"],
                [
                    "all",
                    ["==", "class", "motorway"],
                    ["==", "structure", "tunnel"]
                ]
            ],
            "layout": {
                "line-cap": "round",
                "line-join": "round",
                "visibility": "visible"
            },
            "paint": {
                "line-width": {"base": 1.5, "stops": [[5, 0.75], [18, 32]]},
                "line-blur": 0,
                "line-opacity": 1,
                "line-color": "hsl(33, 49%, 96%)"
            }
        },
        {
            "id": "road-rail-platform",
            "type": "fill",
            "source": "composite",
            "source-layer": "road",
            "minzoom": 12,
            "filter": [
                "all",
                ["==", "$type", "Polygon"],
                ["all", ["==", "structure", "none"], ["==", "type", "platform"]]
            ],
            "layout": {"visibility": "visible"},
            "paint": {
                "fill-color": "hsl(33, 10%, 87%)",
                "fill-opacity": {"base": 1, "stops": [[15, 0], [16, 1]]}
            }
        },
        {
            "id": "building-line",
            "type": "line",
            "metadata": {"mapbox:group": "e304d9af3bac9b0b85f824d06dc6c50a"},
            "source": "composite",
            "source-layer": "building",
            "minzoom": 15,
            "filter": [
                "all",
                ["!=", "type", "building:part"],
                ["!in", "type", "roof", "train_station"],
                ["==", "underground", "false"]
            ],
            "layout": {"visibility": "visible"},
            "paint": {
                "line-color": "hsl(0, 0%, 65%)",
                "line-width": {"base": 1.5, "stops": [[15, 1.5], [20, 6]]},
                "line-opacity": {"base": 1, "stops": [[15, 0], [15.5, 1]]}
            }
        },
        {
            "id": "building-fill",
            "type": "fill",
            "metadata": {"mapbox:group": "e304d9af3bac9b0b85f824d06dc6c50a"},
            "source": "composite",
            "source-layer": "building",
            "minzoom": 15,
            "filter": [
                "all",
                ["!=", "type", "building:part"],
                ["!in", "type", "roof", "train_station"],
                ["==", "underground", "false"]
            ],
            "layout": {"visibility": "visible"},
            "paint": {
                "fill-color": "hsl(0, 0%, 90%)",
                "fill-opacity": {"base": 1, "stops": [[15, 0], [15.5, 1]]},
                "fill-antialias": false
            }
        },
        {
            "id": "building-pattern",
            "type": "fill",
            "metadata": {"mapbox:group": "e304d9af3bac9b0b85f824d06dc6c50a"},
            "source": "composite",
            "source-layer": "building",
            "minzoom": 15,
            "filter": [
                "all",
                ["!=", "type", "building:part"],
                ["!in", "type", "roof", "train_station"],
                ["==", "underground", "false"]
            ],
            "layout": {"visibility": "visible"},
            "paint": {
                "fill-color": "hsl(0, 0%, 90%)",
                "fill-opacity": {"base": 1, "stops": [[15, 0], [15.5, 1]]},
                "fill-pattern": {
                    "base": 1,
                    "stops": [
                        [16, "hatch_36px-2pxSp-0.5pt"],
                        [19, "hatch_36px-3pxSp-0.5pt"]
                    ]
                },
                "fill-antialias": false
            }
        },
        {
            "id": "road-path-case",
            "type": "line",
            "metadata": {"mapbox:group": "1444855786460.0557"},
            "source": "composite",
            "source-layer": "road",
            "filter": [
                "all",
                ["==", "$type", "LineString"],
                [
                    "all",
                    ["!in", "structure", "bridge", "tunnel"],
                    ["==", "class", "path"],
                    [
                        "in",
                        "type",
                        "bridleway",
                        "crossing",
                        "path",
                        "sidewalk",
                        "trail"
                    ]
                ]
            ],
            "layout": {"line-join": "round", "visibility": "visible"},
            "paint": {
                "line-width": {"base": 1.5, "stops": [[15, 2.5], [18, 8]]},
                "line-opacity": {"base": 1, "stops": [[14, 0], [15, 1]]},
                "line-color": {
                    "base": 1,
                    "stops": [
                        [14, "hsl(0, 0%, 80%)"],
                        [15, "hsl(0, 0%, 80%)"],
                        [17, "hsl(0, 0%, 80%)"],
                        [18, "hsl(0, 0%, 60%)"]
                    ]
                },
                "line-blur": {"base": 1, "stops": [[14, 0], [17, 1]]}
            }
        },
        {
            "id": "road-pedestrian-case",
            "type": "line",
            "metadata": {"mapbox:group": "1444855786460.0557"},
            "source": "composite",
            "source-layer": "road",
            "minzoom": 12,
            "filter": [
                "all",
                ["==", "$type", "LineString"],
                [
                    "all",
                    ["==", "class", "pedestrian"],
                    ["==", "structure", "none"]
                ]
            ],
            "layout": {"line-join": "round", "visibility": "visible"},
            "paint": {
                "line-width": {"base": 1.5, "stops": [[14, 2], [18, 14.5]]},
                "line-color": "hsl(0, 0%, 60%)",
                "line-gap-width": 0,
                "line-opacity": {"base": 1, "stops": [[14.5, 0], [15, 1]]}
            }
        },
        {
            "id": "road-track-case",
            "type": "line",
            "metadata": {"mapbox:group": "1444855786460.0557"},
            "source": "composite",
            "source-layer": "road",
            "filter": [
                "all",
                ["==", "$type", "LineString"],
                [
                    "all",
                    ["!in", "structure", "bridge", "tunnel"],
                    ["==", "class", "track"]
                ]
            ],
            "layout": {
                "line-cap": "round",
                "line-join": "round",
                "visibility": "visible"
            },
            "paint": {
                "line-width": {"base": 1.5, "stops": [[12, 0.75], [20, 2]]},
                "line-color": "hsl(0, 0%, 60%)",
                "line-gap-width": {"base": 1.5, "stops": [[15, 1], [18, 12]]}
            }
        },
        {
            "id": "road-service-link-case",
            "type": "line",
            "metadata": {"mapbox:group": "1444855786460.0557"},
            "source": "composite",
            "source-layer": "road",
            "minzoom": 14,
            "filter": [
                "all",
                ["==", "$type", "LineString"],
                [
                    "all",
                    ["!=", "type", "trunk_link"],
                    ["!in", "structure", "bridge", "tunnel"],
                    ["in", "class", "link", "service"]
                ]
            ],
            "layout": {
                "line-cap": "round",
                "line-join": "round",
                "visibility": "visible"
            },
            "paint": {
                "line-width": {"base": 1.5, "stops": [[12, 0.75], [20, 2]]},
                "line-color": "hsl(0, 0%, 60%)",
                "line-gap-width": {"base": 1.5, "stops": [[14, 0.5], [18, 12]]},
                "line-opacity": {"base": 1, "stops": [[14.5, 0], [15, 1]]}
            }
        },
        {
            "id": "road-street_limited-case",
            "type": "line",
            "metadata": {"mapbox:group": "1444855786460.0557"},
            "source": "composite",
            "source-layer": "road",
            "minzoom": 11,
            "filter": [
                "all",
                ["==", "$type", "LineString"],
                [
                    "all",
                    ["==", "class", "street_limited"],
                    ["==", "structure", "none"]
                ]
            ],
            "layout": {
                "line-cap": "round",
                "line-join": "round",
                "visibility": "visible"
            },
            "paint": {
                "line-width": {"base": 1.5, "stops": [[12, 0.75], [20, 2]]},
                "line-color": "hsl(0, 0%, 60%)",
                "line-gap-width": {
                    "base": 1.5,
                    "stops": [[13, 0], [14, 2], [18, 18]]
                },
                "line-opacity": {"base": 1, "stops": [[13.5, 0], [14, 1]]}
            }
        },
        {
            "id": "road-street-case",
            "type": "line",
            "metadata": {"mapbox:group": "1444855786460.0557"},
            "source": "composite",
            "source-layer": "road",
            "minzoom": 11,
            "filter": [
                "all",
                ["==", "$type", "LineString"],
                ["all", ["==", "class", "street"], ["==", "structure", "none"]]
            ],
            "layout": {
                "line-cap": "round",
                "line-join": "round",
                "visibility": "visible"
            },
            "paint": {
                "line-width": {"base": 1.5, "stops": [[12, 0.75], [20, 2]]},
                "line-color": "hsl(0, 0%, 60%)",
                "line-gap-width": {
                    "base": 1.5,
                    "stops": [[12.5, 1], [14, 2], [18, 18]]
                },
                "line-opacity": {"base": 1, "stops": [[12, 0], [13, 1]]}
            }
        },
        {
            "id": "road-secondary-tertiary-case",
            "type": "line",
            "metadata": {"mapbox:group": "1444855786460.0557"},
            "source": "composite",
            "source-layer": "road",
            "minzoom": 8,
            "filter": [
                "all",
                ["==", "$type", "LineString"],
                [
                    "all",
                    ["!in", "structure", "bridge", "tunnel"],
                    ["in", "class", "secondary", "tertiary"]
                ]
            ],
            "layout": {
                "line-cap": "round",
                "line-join": "round",
                "visibility": "visible"
            },
            "paint": {
                "line-width": {"base": 1.2, "stops": [[10, 0.75], [18, 2]]},
                "line-color": {
                    "base": 1,
                    "stops": [
                        [9, "hsl(0, 0%, 85%)"],
                        [11, "hsl(0, 0%, 85%)"],
                        [13, "hsl(0, 0%, 60%)"]
                    ]
                },
                "line-gap-width": {
                    "base": 1.5,
                    "stops": [[8.5, 0.5], [10, 0.75], [18, 26]]
                },
                "line-opacity": {"base": 1, "stops": [[10, 0], [11, 1]]}
            }
        },
        {
            "id": "road-primary-case",
            "type": "line",
            "metadata": {"mapbox:group": "1444855786460.0557"},
            "source": "composite",
            "source-layer": "road",
            "minzoom": 8,
            "filter": [
                "all",
                ["==", "$type", "LineString"],
                [
                    "all",
                    ["!in", "structure", "bridge", "tunnel"],
                    ["==", "class", "primary"]
                ]
            ],
            "layout": {
                "line-cap": "round",
                "line-join": "round",
                "visibility": "visible"
            },
            "paint": {
                "line-width": {"base": 1.5, "stops": [[5, 0.75], [16, 2]]},
                "line-color": {
                    "base": 1,
                    "stops": [[0, "hsl(0, 0%, 85%)"], [11, "hsl(0, 0%, 70%)"]]
                },
                "line-gap-width": {"base": 1.5, "stops": [[5, 0.75], [18, 32]]},
                "line-opacity": {"base": 1, "stops": [[8, 0], [9, 1]]}
            }
        },
        {
            "id": "road-motorway_link-case",
            "type": "line",
            "metadata": {"mapbox:group": "1444855786460.0557"},
            "source": "composite",
            "source-layer": "road",
            "minzoom": 10,
            "filter": [
                "all",
                ["==", "$type", "LineString"],
                [
                    "all",
                    ["!in", "structure", "bridge", "tunnel"],
                    ["==", "class", "motorway_link"]
                ]
            ],
            "layout": {
                "line-cap": "round",
                "line-join": "round",
                "visibility": "visible"
            },
            "paint": {
                "line-width": {"base": 1.5, "stops": [[12, 0.75], [20, 2]]},
                "line-color": "hsl(0, 0%, 60%)",
                "line-gap-width": {
                    "base": 1.5,
                    "stops": [[12, 0.5], [14, 2], [18, 18]]
                },
                "line-opacity": {"base": 1, "stops": [[10.99, 0], [11, 1]]}
            }
        },
        {
            "id": "road-trunk_link-case",
            "type": "line",
            "metadata": {"mapbox:group": "1444855786460.0557"},
            "source": "composite",
            "source-layer": "road",
            "minzoom": 11,
            "filter": [
                "all",
                ["==", "$type", "LineString"],
                [
                    "all",
                    ["!in", "structure", "bridge", "tunnel"],
                    ["==", "type", "trunk_link"]
                ]
            ],
            "layout": {
                "line-cap": "round",
                "line-join": "round",
                "visibility": "visible"
            },
            "paint": {
                "line-width": {"base": 1.5, "stops": [[12, 0.75], [20, 2]]},
                "line-color": "hsl(0, 0%, 60%)",
                "line-gap-width": {
                    "base": 1.5,
                    "stops": [[12, 0.5], [14, 2], [18, 18]]
                },
                "line-opacity": {"base": 1, "stops": [[10.99, 0], [11, 1]]}
            }
        },
        {
            "id": "road-trunk-case",
            "type": "line",
            "metadata": {"mapbox:group": "1444855786460.0557"},
            "source": "composite",
            "source-layer": "road",
            "minzoom": 6,
            "filter": [
                "all",
                ["==", "$type", "LineString"],
                [
                    "all",
                    ["!in", "structure", "bridge", "tunnel"],
                    ["==", "class", "trunk"]
                ]
            ],
            "layout": {
                "line-cap": "round",
                "line-join": "round",
                "visibility": "visible"
            },
            "paint": {
                "line-width": {
                    "base": 1.5,
                    "stops": [[8, 0.25], [9, 0.5], [16, 2]]
                },
                "line-color": "hsl(0, 0%, 60%)",
                "line-gap-width": {"base": 1.5, "stops": [[5, 0.75], [18, 32]]},
                "line-opacity": {"base": 1, "stops": [[7, 0], [8, 1]]}
            }
        },
        {
            "id": "road-motorway-case",
            "type": "line",
            "metadata": {"mapbox:group": "1444855786460.0557"},
            "source": "composite",
            "source-layer": "road",
            "minzoom": 6,
            "filter": [
                "all",
                ["==", "$type", "LineString"],
                [
                    "all",
                    ["!in", "structure", "bridge", "tunnel"],
                    ["==", "class", "motorway"]
                ]
            ],
            "layout": {
                "line-cap": "round",
                "line-join": "round",
                "visibility": "visible"
            },
            "paint": {
                "line-width": {
                    "base": 1.5,
                    "stops": [[8, 0.25], [9, 0.5], [16, 2]]
                },
                "line-color": "hsl(0, 0%, 60%)",
                "line-gap-width": {"base": 1.5, "stops": [[5, 0.75], [18, 32]]},
                "line-opacity": {"base": 1, "stops": [[7, 0], [8, 1]]}
            }
        },
        {
            "id": "road-construction",
            "type": "line",
            "metadata": {"mapbox:group": "1444855786460.0557"},
            "source": "composite",
            "source-layer": "road",
            "minzoom": 14,
            "filter": [
                "all",
                ["==", "$type", "LineString"],
                [
                    "all",
                    ["==", "class", "construction"],
                    ["==", "structure", "none"]
                ]
            ],
            "layout": {"line-join": "miter", "visibility": "visible"},
            "paint": {
                "line-width": {
                    "base": 1.5,
                    "stops": [[12.5, 0.5], [14, 2], [18, 18]]
                },
                "line-color": "hsl(33, 28%, 93%)",
                "line-opacity": {"base": 1, "stops": [[13.99, 0], [14, 1]]},
                "line-dasharray": {
                    "base": 1,
                    "stops": [
                        [14, [0.4, 0.8]],
                        [15, [0.3, 0.6]],
                        [16, [0.2, 0.3]],
                        [17, [0.2, 0.25]],
                        [18, [0.15, 0.15]]
                    ]
                }
            }
        },
        {
            "id": "road-path",
            "type": "line",
            "metadata": {"mapbox:group": "1444855786460.0557"},
            "source": "composite",
            "source-layer": "road",
            "filter": [
                "all",
                ["==", "$type", "LineString"],
                [
                    "all",
                    ["!=", "type", "corridor"],
                    ["!in", "structure", "bridge", "tunnel"],
                    ["==", "class", "path"],
                    [
                        "in",
                        "type",
                        "bridleway",
                        "crossing",
                        "path",
                        "sidewalk",
                        "trail"
                    ]
                ]
            ],
            "layout": {"line-join": "round", "visibility": "visible"},
            "paint": {
                "line-width": {"base": 1.5, "stops": [[15, 1], [18, 4]]},
                "line-color": "hsl(33, 28%, 93%)",
                "line-opacity": {"base": 1, "stops": [[14, 0], [15, 1]]}
            }
        },
        {
            "id": "road-trunk_link",
            "type": "line",
            "metadata": {"mapbox:group": "1444855786460.0557"},
            "source": "composite",
            "source-layer": "road",
            "minzoom": 11,
            "filter": [
                "all",
                ["==", "$type", "LineString"],
                [
                    "all",
                    ["!in", "structure", "bridge", "tunnel"],
                    ["==", "type", "trunk_link"]
                ]
            ],
            "layout": {
                "line-cap": "round",
                "line-join": "round",
                "visibility": "visible"
            },
            "paint": {
                "line-width": {
                    "base": 1.5,
                    "stops": [[12, 0.5], [14, 2], [18, 18]]
                },
                "line-color": "hsl(33, 28%, 93%)",
                "line-opacity": 1
            }
        },
        {
            "id": "road-motorway_link",
            "type": "line",
            "metadata": {"mapbox:group": "1444855786460.0557"},
            "source": "composite",
            "source-layer": "road",
            "minzoom": 10,
            "filter": [
                "all",
                ["==", "$type", "LineString"],
                [
                    "all",
                    ["!in", "structure", "bridge", "tunnel"],
                    ["==", "class", "motorway_link"]
                ]
            ],
            "layout": {
                "line-cap": "round",
                "line-join": "round",
                "visibility": "visible"
            },
            "paint": {
                "line-width": {
                    "base": 1.5,
                    "stops": [[12, 0.5], [14, 2], [18, 18]]
                },
                "line-color": "hsl(33, 28%, 93%)",
                "line-opacity": 1
            }
        },
        {
            "id": "road-pedestrian",
            "type": "line",
            "metadata": {"mapbox:group": "1444855786460.0557"},
            "source": "composite",
            "source-layer": "road",
            "minzoom": 12,
            "filter": [
                "all",
                ["==", "$type", "LineString"],
                [
                    "all",
                    ["==", "class", "pedestrian"],
                    ["==", "structure", "none"]
                ]
            ],
            "layout": {"line-join": "round", "visibility": "visible"},
            "paint": {
                "line-width": {"base": 1.5, "stops": [[14, 0.5], [18, 12]]},
                "line-color": "hsl(33, 28%, 93%)",
                "line-opacity": {"base": 1, "stops": [[14, 0], [15, 1]]}
            }
        },
        {
            "id": "road-pedestrian-polygon-fill",
            "type": "fill",
            "metadata": {"mapbox:group": "1444855786460.0557"},
            "source": "composite",
            "source-layer": "road",
            "minzoom": 12,
            "filter": [
                "all",
                ["==", "$type", "Polygon"],
                [
                    "all",
                    ["!=", "type", "platform"],
                    ["==", "structure", "none"],
                    ["in", "class", "path", "pedestrian"]
                ]
            ],
            "layout": {"visibility": "visible"},
            "paint": {
                "fill-color": "hsl(33, 28%, 93%)",
                "fill-opacity": {"base": 1, "stops": [[15.5, 0], [16, 1]]}
            }
        },
        {
            "id": "road-pedestrian-polygon-line",
            "type": "line",
            "metadata": {"mapbox:group": "1444855786460.0557"},
            "source": "composite",
            "source-layer": "road",
            "minzoom": 12,
            "filter": [
                "all",
                ["==", "$type", "Polygon"],
                [
                    "all",
                    ["!=", "type", "platform"],
                    ["==", "structure", "none"],
                    ["in", "class", "path", "pedestrian"]
                ]
            ],
            "layout": {"visibility": "visible"},
            "paint": {
                "line-color": "hsl(0, 0%, 60%)",
                "line-width": 0.5,
                "line-opacity": {"base": 1, "stops": [[12.5, 0], [13, 1]]}
            }
        },
        {
            "id": "road-polygon",
            "type": "fill",
            "metadata": {"mapbox:group": "1444855786460.0557"},
            "source": "composite",
            "source-layer": "road",
            "minzoom": 12,
            "filter": [
                "all",
                ["==", "$type", "Polygon"],
                [
                    "all",
                    ["!in", "class", "motorway", "path", "pedestrian", "trunk"],
                    ["!in", "structure", "bridge", "tunnel"]
                ]
            ],
            "layout": {"visibility": "visible"},
            "paint": {
                "fill-color": "hsl(33, 28%, 93%)",
                "fill-outline-color": "hsl(0, 0%, 60%)"
            }
        },
        {
            "id": "road-track",
            "type": "line",
            "metadata": {"mapbox:group": "1444855786460.0557"},
            "source": "composite",
            "source-layer": "road",
            "filter": [
                "all",
                ["==", "$type", "LineString"],
                [
                    "all",
                    ["!in", "structure", "bridge", "tunnel"],
                    ["==", "class", "track"]
                ]
            ],
            "layout": {
                "line-cap": "round",
                "line-join": "round",
                "visibility": "visible"
            },
            "paint": {
                "line-width": {"base": 1.5, "stops": [[15, 1], [18, 12]]},
                "line-color": "hsl(33, 28%, 93%)"
            }
        },
        {
            "id": "road-service-link",
            "type": "line",
            "metadata": {"mapbox:group": "1444855786460.0557"},
            "source": "composite",
            "source-layer": "road",
            "minzoom": 14,
            "filter": [
                "all",
                ["==", "$type", "LineString"],
                [
                    "all",
                    ["!=", "type", "trunk_link"],
                    ["!in", "structure", "bridge", "tunnel"],
                    ["in", "class", "link", "service"]
                ]
            ],
            "layout": {
                "line-cap": "round",
                "line-join": "round",
                "visibility": "visible"
            },
            "paint": {
                "line-width": {"base": 1.5, "stops": [[14, 0.5], [18, 12]]},
                "line-color": "hsl(33, 28%, 93%)",
                "line-opacity": {"base": 1, "stops": [[14.5, 0], [15, 1]]}
            }
        },
        {
            "id": "road-street_limited",
            "type": "line",
            "metadata": {"mapbox:group": "1444855786460.0557"},
            "source": "composite",
            "source-layer": "road",
            "minzoom": 11,
            "filter": [
                "all",
                ["==", "$type", "LineString"],
                [
                    "all",
                    ["==", "class", "street_limited"],
                    ["==", "structure", "none"]
                ]
            ],
            "layout": {
                "line-cap": "round",
                "line-join": "round",
                "visibility": "visible"
            },
            "paint": {
                "line-width": {
                    "base": 1.5,
                    "stops": [[12.5, 0.5], [14, 2], [18, 18]]
                },
                "line-color": "hsl(33, 28%, 93%)",
                "line-opacity": {"base": 1, "stops": [[13.99, 0], [14, 1]]}
            }
        },
        {
            "id": "road-street",
            "type": "line",
            "metadata": {"mapbox:group": "1444855786460.0557"},
            "source": "composite",
            "source-layer": "road",
            "minzoom": 11,
            "filter": [
                "all",
                ["==", "$type", "LineString"],
                ["all", ["==", "class", "street"], ["==", "structure", "none"]]
            ],
            "layout": {
                "line-cap": "round",
                "line-join": "round",
                "visibility": "visible"
            },
            "paint": {
                "line-width": {
                    "base": 1.5,
                    "stops": [[12.5, 1], [14, 2], [18, 18]]
                },
                "line-color": "hsl(33, 28%, 93%)",
                "line-opacity": {"base": 1, "stops": [[12, 0], [12.5, 1]]}
            }
        },
        {
            "id": "road-secondary-tertiary",
            "type": "line",
            "metadata": {"mapbox:group": "1444855786460.0557"},
            "source": "composite",
            "source-layer": "road",
            "minzoom": 8,
            "filter": [
                "all",
                ["==", "$type", "LineString"],
                [
                    "all",
                    ["!in", "structure", "bridge", "tunnel"],
                    ["in", "class", "secondary", "tertiary"]
                ]
            ],
            "layout": {
                "line-cap": "round",
                "line-join": "round",
                "visibility": "visible"
            },
            "paint": {
                "line-width": {
                    "base": 1.5,
                    "stops": [[8.5, 0.5], [10, 0.75], [18, 26]]
                },
                "line-color": {
                    "base": 1,
                    "stops": [
                        [8, "hsl(0, 0%, 90%)"],
                        [9, "hsl(0, 0%, 100%)"],
                        [13, "hsl(33, 28%, 93%)"]
                    ]
                },
                "line-opacity": {"base": 1.2, "stops": [[10, 0], [11, 1]]}
            }
        },
        {
            "id": "road-primary",
            "type": "line",
            "metadata": {"mapbox:group": "1444855786460.0557"},
            "source": "composite",
            "source-layer": "road",
            "minzoom": 8,
            "filter": [
                "all",
                ["==", "$type", "LineString"],
                [
                    "all",
                    ["!in", "structure", "bridge", "tunnel"],
                    ["==", "class", "primary"]
                ]
            ],
            "layout": {
                "line-cap": "round",
                "line-join": "round",
                "visibility": "visible"
            },
            "paint": {
                "line-width": {"base": 1.5, "stops": [[5, 0.75], [18, 32]]},
                "line-color": {
                    "base": 1,
                    "stops": [
                        [8, "hsl(0, 0%, 90%)"],
                        [9, "hsl(0, 0%, 100%)"],
                        [13, "hsl(33, 28%, 93%)"]
                    ]
                },
                "line-opacity": {"base": 1.2, "stops": [[8, 0], [9, 1]]}
            }
        },
        {
            "id": "road-trunk",
            "type": "line",
            "metadata": {"mapbox:group": "1444855786460.0557"},
            "source": "composite",
            "source-layer": "road",
            "minzoom": 5,
            "filter": [
                "all",
                ["==", "$type", "LineString"],
                [
                    "all",
                    ["!in", "structure", "bridge", "tunnel"],
                    ["==", "class", "trunk"]
                ]
            ],
            "layout": {
                "line-cap": "round",
                "line-join": "round",
                "visibility": "visible"
            },
            "paint": {
                "line-width": {"base": 1.5, "stops": [[5, 0.75], [18, 32]]},
                "line-color": {
                    "base": 1,
                    "stops": [
                        [6, "hsl(0, 0%, 80%)"],
                        [7, "hsl(0, 0%, 80%)"],
                        [9, "hsl(0, 0%, 100%)"],
                        [13, "hsl(33, 28%, 93%)"]
                    ]
                },
                "line-opacity": {"base": 1, "stops": [[5.75, 0], [6, 1]]}
            }
        },
        {
            "id": "road-motorway",
            "type": "line",
            "metadata": {"mapbox:group": "1444855786460.0557"},
            "source": "composite",
            "source-layer": "road",
            "minzoom": 5,
            "filter": [
                "all",
                ["==", "$type", "LineString"],
                [
                    "all",
                    ["!in", "structure", "bridge", "tunnel"],
                    ["==", "class", "motorway"]
                ]
            ],
            "layout": {
                "line-cap": "round",
                "line-join": "round",
                "visibility": "visible"
            },
            "paint": {
                "line-width": {"base": 1.5, "stops": [[5, 0.75], [18, 32]]},
                "line-color": {
                    "base": 1,
                    "stops": [
                        [6, "hsl(0, 0%, 80%)"],
                        [7, "hsl(0, 0%, 80%)"],
                        [9, "hsl(0, 0%, 100%)"],
                        [13, "hsl(33, 28%, 93%)"]
                    ]
                },
                "line-opacity": {"base": 1, "stops": [[5.75, 0], [6, 1]]}
            }
        },
        {
            "id": "road-rail",
            "type": "line",
            "metadata": {"mapbox:group": "1444855786460.0557"},
            "source": "composite",
            "source-layer": "road",
            "minzoom": 13,
            "filter": [
                "all",
                ["==", "$type", "LineString"],
                [
                    "all",
                    ["!in", "structure", "bridge", "tunnel"],
                    ["in", "class", "major_rail", "minor_rail"]
                ]
            ],
            "layout": {"line-join": "round", "visibility": "visible"},
            "paint": {
                "line-color": "hsl(0, 0%, 85%)",
                "line-width": {"base": 1.5, "stops": [[14, 0.5], [20, 1]]}
            }
        },
        {
            "id": "road-rail-tracks",
            "type": "line",
            "metadata": {"mapbox:group": "1444855786460.0557"},
            "source": "composite",
            "source-layer": "road",
            "minzoom": 13,
            "filter": [
                "all",
                ["==", "$type", "LineString"],
                [
                    "all",
                    ["!in", "structure", "bridge", "tunnel"],
                    ["in", "class", "major_rail", "minor_rail"]
                ]
            ],
            "layout": {"line-join": "round", "visibility": "visible"},
            "paint": {
                "line-color": "hsl(0, 0%, 85%)",
                "line-width": {"base": 1.5, "stops": [[14, 4], [20, 8]]},
                "line-dasharray": [0.1, 15],
                "line-opacity": {"base": 1, "stops": [[13.75, 0], [14, 1]]}
            }
        },
        {
            "id": "aerialway-bg",
            "type": "line",
            "source": "composite",
            "source-layer": "road",
            "minzoom": 13,
            "filter": [
                "all",
                ["==", "$type", "LineString"],
                ["==", "class", "aerialway"]
            ],
            "layout": {"line-join": "round"},
            "paint": {
                "line-color": "hsl(0, 0%, 100%)",
                "line-width": {"base": 1.5, "stops": [[14, 2.5], [20, 3]]},
                "line-blur": 0.5
            }
        },
        {
            "id": "aerialway",
            "type": "line",
            "source": "composite",
            "source-layer": "road",
            "minzoom": 13,
            "filter": [
                "all",
                ["==", "$type", "LineString"],
                ["==", "class", "aerialway"]
            ],
            "layout": {"line-join": "round"},
            "paint": {
                "line-color": "hsl(230, 4%, 29%)",
                "line-width": {"base": 1.5, "stops": [[14, 0.5], [20, 1]]}
            }
        },
        {
            "id": "admin-3-4-boundaries",
            "type": "line",
            "metadata": {"mapbox:group": "1444934295202.7542"},
            "source": "composite",
            "source-layer": "admin",
            "minzoom": 4,
            "filter": ["all", ["==", "maritime", 0], [">=", "admin_level", 3]],
            "layout": {"line-join": "round", "line-cap": "round"},
            "paint": {
                "line-dasharray": {
                    "base": 1,
                    "stops": [[6, [2, 0]], [7, [2, 2, 6, 2]]]
                },
                "line-width": {"base": 1, "stops": [[7, 0.75], [12, 1.5]]},
                "line-opacity": {"base": 1, "stops": [[2, 0], [3, 1]]},
                "line-color": {
                    "base": 1,
                    "stops": [[4, "hsl(0, 0%, 90%)"], [8, "hsl(0, 0%, 70%)"]]
                }
            }
        },
        {
            "id": "admin-2-boundaries",
            "type": "line",
            "metadata": {"mapbox:group": "1444934295202.7542"},
            "source": "composite",
            "source-layer": "admin",
            "minzoom": 1,
            "filter": [
                "all",
                ["==", "admin_level", 2],
                ["==", "disputed", 0],
                ["==", "maritime", 0]
            ],
            "layout": {
                "line-join": "round",
                "line-cap": "round",
                "visibility": "visible"
            },
            "paint": {
                "line-color": {
                    "base": 1,
                    "stops": [[6, "hsl(0, 0%, 33%)"], [9, "hsl(0, 0%, 70%)"]]
                },
                "line-width": {
                    "base": 1,
                    "stops": [[3, 0.5], [6, 1], [10, 1.5]]
                }
            }
        },
        {
            "id": "admin-2-boundaries-dispute",
            "type": "line",
            "metadata": {"mapbox:group": "1444934295202.7542"},
            "source": "composite",
            "source-layer": "admin",
            "minzoom": 1,
            "filter": [
                "all",
                ["==", "admin_level", 2],
                ["==", "disputed", 1],
                ["==", "maritime", 0]
            ],
            "layout": {"line-join": "round"},
            "paint": {
                "line-dasharray": [1.5, 1.5],
                "line-color": "hsl(230, 8%, 51%)",
                "line-width": {"base": 1, "stops": [[3, 0.5], [10, 2]]}
            }
        },
        {
            "id": "ne-10m-graticules-30-lines",
            "type": "line",
            "metadata": {"mapbox:group": "b21235e80355bdff2e2fb53854aa461e"},
            "source": "composite",
            "source-layer": "ne_10m_graticules_30-644le6",
            "filter": ["==", "$type", "LineString"],
            "layout": {"visibility": "visible"},
            "paint": {
                "line-color": "hsl(0, 0%, 100%)",
                "line-width": 1,
                "line-opacity": 0.75
            }
        },
        {
            "id": "ne-10m-graticules-10-lines",
            "type": "line",
            "metadata": {"mapbox:group": "b21235e80355bdff2e2fb53854aa461e"},
            "source": "composite",
            "source-layer": "ne_10m_graticules_10-b5uxlj",
            "filter": ["==", "$type", "LineString"],
            "layout": {"visibility": "visible"},
            "paint": {
                "line-color": "hsl(0, 0%, 90%)",
                "line-opacity": {
                    "base": 1,
                    "stops": [[0, 0.75], [8, 0.75], [9, 0]]
                },
                "line-width": 0.5
            }
        },
        {
            "id": "ne-10m-graticules-10-labels",
            "type": "symbol",
            "metadata": {"mapbox:group": "b21235e80355bdff2e2fb53854aa461e"},
            "source": "composite",
            "source-layer": "ne_10m_graticules_10-b5uxlj",
            "filter": ["==", "$type", "LineString"],
            "layout": {
                "text-field": "{degrees}º",
                "text-font": [
                    "Roboto Medium Italic",
                    "Arial Unicode MS Regular"
                ],
                "symbol-placement": "line",
                "symbol-spacing": {"base": 1, "stops": [[3, 500], [8, 1000]]},
                "text-size": {"base": 1, "stops": [[3, 7], [7, 12]]},
                "text-letter-spacing": 0.2
            },
            "paint": {
                "text-color": "hsl(0, 0%, 100%)",
                "text-halo-width": 0.5,
                "text-translate": [-1, 1],
                "text-halo-color": "hsla(0, 0%, 68%, 0.49)",
                "text-opacity": {"base": 1, "stops": [[0, 1], [8, 1], [9, 0]]}
            }
        },
        {
            "id": "road-label-sm",
            "type": "symbol",
            "metadata": {"mapbox:group": "1444933721429.3076"},
            "source": "composite",
            "source-layer": "road_label",
            "minzoom": 14,
            "filter": [
                "all",
                ["==", "$type", "LineString"],
                [
                    "in",
                    "class",
                    "aerialway",
                    "link",
                    "path",
                    "pedestrian",
                    "street",
                    "street_limited"
                ]
            ],
            "layout": {
                "text-size": {"base": 1, "stops": [[11, 10], [20, 14]]},
                "text-max-angle": 30,
                "symbol-spacing": 400,
                "text-font": [
                    "Roboto Mono Regular",
                    "Arial Unicode MS Regular"
                ],
                "symbol-placement": "line",
                "text-padding": 1,
                "visibility": "visible",
                "text-rotation-alignment": "map",
                "text-field": "{name_en}",
                "text-letter-spacing": 0.01
            },
            "paint": {
                "text-color": "hsl(0, 0%, 40%)",
                "text-halo-color": "hsl(0, 0%, 100%)",
                "text-halo-width": 1,
                "text-opacity": {"base": 1, "stops": [[14.5, 0], [15, 1]]}
            }
        },
        {
            "id": "road-label-lg",
            "type": "symbol",
            "metadata": {"mapbox:group": "1444933721429.3076"},
            "source": "composite",
            "source-layer": "road_label",
            "filter": [
                "in",
                "class",
                "motorway",
                "primary",
                "secondary",
                "tertiary",
                "trunk"
            ],
            "layout": {
                "text-size": {"base": 1, "stops": [[13, 10], [20, 14]]},
                "text-max-angle": 30,
                "symbol-spacing": 400,
                "text-font": [
                    "Roboto Mono Regular",
                    "Arial Unicode MS Regular"
                ],
                "symbol-placement": "line",
                "text-padding": 1,
                "visibility": "visible",
                "text-rotation-alignment": "map",
                "text-field": "{name_en}",
                "text-letter-spacing": 0.15
            },
            "paint": {
                "text-color": "hsl(0, 0%, 40%)",
                "text-halo-color": "hsla(0, 0%, 95%, 0.75)",
                "text-halo-width": 1,
                "text-halo-blur": 1,
                "text-opacity": {"base": 1, "stops": [[12.5, 0], [13, 1]]}
            }
        }
    ],
    "created": "2019-01-24T10:24:32.324Z",
    "id": "cjrah0c250eez2tmqqq6vc5ae",
    "modified": "2019-01-24T10:27:03.148Z",
    "owner": "dmitrymin",
    "visibility": "private",
    "draft": false
}